{"stats":{"minecraft:killed":{"minecraft:vindicator":2,"promenade:sunken_skeleton":2,"mythicmobs:drake":1},"minecraft:killed_by":{"minecraft:vindicator":1},"minecraft:picked_up":{"minecraft:crafting_table":2,"minecraft:coarse_dirt":10,"minecraft:horn_coral":1,"minecraft:cobblestone_wall":1,"minecraft:dirt":1,"twigs:opaline_seashell":2,"minecraft:cracked_stone_bricks":1,"minecraft:wheat_seeds":2,"regions_unexplored:redwood_sapling":25,"minecraft:spruce_slab":1,"twigs:twig":12,"minecraft:oak_planks":1,"regions_unexplored:redwood_log":147,"minecraft:oak_slab":2,"minecraft:stick":3,"minecraft:gravel":8,"minecraft:sand":2,"bewitchment:belladonna_seeds":1,"minecraft:dark_oak_log":1,"simplyswords:gold_glaive":1,"minecraft:hay_block":4,"minecraft:cobblestone":5},"minecraft:mined":{"minecraft:dark_oak_planks":1,"minecraft:oak_slab":2,"minecraft:glass_pane":6,"minecraft:dark_oak_log":1,"minecraft:crafting_table":2,"minecraft:grass_block":1,"minecraft:cobblestone":5,"minecraft:oak_planks":1,"minecraft:hay_block":4,"minecraft:coarse_dirt":13,"minecraft:cobblestone_wall":1,"treechop:chopped_log":1,"minecraft:dark_oak_stairs":1,"minecraft:grass":1,"minecraft:gravel":9,"minecraft:sand":2,"regions_unexplored:medium_grass":2,"minecraft:cracked_stone_bricks":1,"regions_unexplored:chalk":4,"minecraft:stone_bricks":1,"twigs:opaline_seashell":2,"minecraft:spruce_slab":1,"minecraft:suspicious_gravel":1},"minecraft:dropped":{"minecraft:wheat_seeds":1,"simplyswords:gold_glaive":1,"patchouli:guide_book":1,"minecraft:sand":2,"ftbquests:book":1,"twigs:opaline_seashell":1,"bewitchment:belladonna_seeds":1},"minecraft:used":{"minecraft:stone_sword":23,"simplyswords:gold_glaive":14,"minecraft:shield":6,"minecraft:wooden_pickaxe":16,"regions_unexplored:redwood_planks":6,"minecraft:crafting_table":2,"simplyswords:iron_greataxe":1,"minecraft:wooden_axe":16,"minecraft:bread":13,"minecraft:stone_axe":4,"minecraft:cobblestone":5,"minecraft:bow":13,"twigs:opaline_seashell":1,"minecraft:coarse_dirt":9},"minecraft:custom":{"lootr:looted_stat":7,"minecraft:mob_kills":5,"minecraft:interact_with_crafting_table":2,"minecraft:open_barrel":1,"minecraft:bell_ring":2,"minecraft:time_since_death":14822,"minecraft:climb_one_cm":2624,"minecraft:hex":0,"minecraft:time_since_rest":14892,"minecraft:sprint_one_cm":31610,"minecraft:damage_taken":1096,"minecraft:walk_one_cm":58356,"minecraft:damage_blocked_by_shield":215,"minecraft:drop":8,"minecraft:damage_dealt":1090,"minecraft:swim_one_cm":15335,"minecraft:fly_one_cm":33936,"minecraft:open_chest":1,"minecraft:crouch_one_cm":10579,"minecraft:play_time":24692,"minecraft:deaths":1,"minecraft:sneak_time":3327,"minecraft:walk_under_water_one_cm":2729,"minecraft:jump":304,"minecraft:walk_on_water_one_cm":10670,"minecraft:total_world_time":24692,"minecraft:fall_one_cm":6750},"minecraft:crafted":{"minecraft:crafting_table":1,"minecraft:wooden_pickaxe":1,"regions_unexplored:redwood_planks":76,"minecraft:stick":4,"minecraft:wooden_axe":1}},"DataVersion":3465}