{"stats":{"minecraft:killed":{"minecraft:vindicator":3,"promenade:sunken_skeleton":2,"minecraft:husk":2,"mythicmobs:drake":1,"minecraft:zombie":1,"minecraft:cow":1},"minecraft:killed_by":{"minecraft:player":1,"minecraft:drowned":2,"minecraft:vindicator":1,"mythicmobs:chupacabra":1},"minecraft:mined":{"minecraft:dark_oak_planks":3,"minecraft:jungle_leaves":13,"minecraft:dark_oak_log":1,"minecraft:grass_block":2,"modern_industrialization:lignite_coal_ore":1,"minecraft:spawner":1,"minecraft:hay_block":17,"minecraft:tall_seagrass":2,"minecraft:raw_gold_block":1,"minecraft:iron_ore":1,"regions_unexplored:redwood_planks":2,"treechop:chopped_log":1,"minecraft:dark_oak_stairs":1,"minecraft:iron_bars":1,"bewitchment:salt_ore":19,"minecraft:stripped_oak_log":1,"regions_unexplored:redwood_door":1,"regions_unexplored:medium_grass":2,"regions_unexplored:chalk":4,"minecraft:stone":14,"minecraft:iron_block":4,"twigs:opaline_seashell":2,"minecraft:spruce_slab":1,"minecraft:oak_slab":2,"twigs:pebble":1,"minecraft:glass_pane":6,"minecraft:dandelion":1,"minecraft:crafting_table":4,"minecraft:sponge":3,"minecraft:copper_ore":1,"minecraft:cobblestone":5,"minecraft:cyan_bed":1,"minecraft:oak_planks":1,"minecraft:blue_bed":1,"techreborn:tin_ore":13,"minecraft:coarse_dirt":13,"minecraft:light_blue_bed":1,"minecraft:cobblestone_wall":1,"minecraft:sea_pickle":1,"modern_industrialization:antimony_ore":2,"minecraft:grass":1,"minecraft:coal_ore":45,"minecraft:gravel":9,"minecraft:sand":2,"minecraft:cracked_stone_bricks":1,"minecraft:stone_bricks":1,"minecraft:oak_leaves":2,"minecraft:fern":1,"soulsweapons:verglas_ore":1,"minecraft:suspicious_gravel":1},"minecraft:picked_up":{"minecraft:wooden_axe":1,"techreborn:raw_tin":13,"minecraft:crafting_table":3,"modern_industrialization:lignite_coal":2,"minecraft:coarse_dirt":10,"minecraft:suspicious_stew":2,"minecraft:brown_mushroom":1,"minecraft:string":3,"minecraft:raw_copper":4,"twigs:opaline_seashell":2,"minecraft:beetroot":7,"minecraft:sea_pickle":2,"minecraft:cracked_stone_bricks":1,"twigs:pebble":2,"minecraft:beef":1,"minecraft:iron_nugget":4,"minecraft:spruce_slab":1,"regions_unexplored:redwood_planks":2,"regions_unexplored:redwood_log":147,"minecraft:stick":3,"minecraft:raw_iron":2,"minecraft:torch":4,"minecraft:fire_charge":14,"minecraft:light_blue_bed":1,"minecraft:dark_oak_planks":3,"minecraft:tnt":7,"minecraft:arrow":6,"minecraft:hay_block":14,"archon:thunder_strike_tome":1,"minecraft:iron_block":4,"minecraft:iron_bars":1,"minecraft:cobblestone":18,"minecraft:sponge":3,"minecraft:stripped_oak_log":1,"modern_industrialization:raw_antimony":2,"minecraft:leather":2,"minecraft:red_mushroom":2,"minecraft:filled_map":2,"minecraft:gunpowder":10,"minecraft:horn_coral":3,"minecraft:cobblestone_wall":1,"regions_unexplored:redwood_door":1,"minecraft:dirt":2,"minecraft:lantern":1,"minecraft:leather_boots":1,"minecraft:bow":1,"minecraft:wheat_seeds":2,"regions_unexplored:redwood_sapling":25,"minecraft:bamboo":2,"twigs:twig":12,"minecraft:oak_planks":1,"minecraft:dark_oak_stairs":1,"spellbladenext:arcane_claymore":1,"minecraft:oak_slab":2,"minecraft:birch_boat":2,"vinery:jungle_grapes_white":6,"minecraft:dandelion":1,"minecraft:gravel":8,"bewitchment:belladonna_seeds":1,"minecraft:sand":2,"bewitchment:salt":63,"minecraft:cyan_bed":1,"minecraft:dark_oak_log":1,"minecraft:leather_helmet":1,"simplyswords:gold_glaive":1,"minecraft:crossbow":1,"soulsweapons:verglas":1,"minecraft:emerald":1,"minecraft:brown_banner":1,"minecraft:coal":45},"minecraft:dropped":{"minecraft:stone_hoe":1,"minecraft:dark_oak_stairs":1,"minecraft:brown_mushroom":2,"minecraft:wheat_seeds":1,"minecraft:tnt":14,"simplyswords:iron_greataxe":1,"paladins:iron_mace":1,"spellbladenext:arcane_claymore":1,"minecraft:crossbow":2,"minecraft:leather":2,"minecraft:saddle":1,"simplyswords:gold_glaive":1,"minecraft:leather_helmet":2,"minecraft:red_mushroom":4,"minecraft:stick":8,"minecraft:flint":4,"twigs:pebble":2,"techreborn:raw_tin":13,"minecraft:torch":8,"minecraft:wooden_axe":2,"fishofthieves:plentifin":2,"minecraft:horn_coral":3,"beachparty:rubber_ring_pelican":1,"minecraft:fire_charge":28,"mcdw:soul_dagger_soul_knife":1,"fishofthieves:devilfish":3,"minecraft:sand":2,"minecraft:iron_pickaxe":1,"fishofthieves:wildsplash":2,"minecraft:string":3,"minecraft:dark_oak_planks":3,"ftbquests:book":1,"twigs:opaline_seashell":1,"bewitchment:belladonna_seeds":1,"minecraft:dandelion":1,"minecraft:gravel":8,"bewitchment:salt":61,"minecraft:iron_nugget":8,"minecraft:coarse_dirt":1,"minecraft:stone_sword":1,"minecraft:raw_copper":4,"archers:archer_armor_chest":1,"minecraft:bowl":1,"minecraft:raw_iron":2,"minecraft:beetroot":18,"vinery:jungle_grapes_white":6,"regions_unexplored:redwood_planks":1,"archon:thunder_strike_tome":2,"patchouli:guide_book":1,"minecraft:suspicious_stew":3,"minecraft:filled_map":4,"simplyswords:gold_katana":1,"minecraft:gunpowder":20,"botania:lexicon":1,"soulsweapons:verglas":1,"fishofthieves:earthworms":2,"minecraft:leather_boots":2,"minecraft:bamboo":2,"modern_industrialization:lignite_coal":1,"modern_industrialization:raw_antimony":2,"minecraft:stone_pickaxe":1,"minecraft:arrow":12,"minecraft:bow":3,"minecraft:beef":1,"minecraft:wooden_pickaxe":2,"minecraft:cyan_bed":1},"minecraft:used":{"minecraft:iron_bars":1,"minecraft:stone_sword":23,"minecraft:shield":7,"minecraft:torch":4,"minecraft:dirt":1,"minecraft:wooden_axe":22,"minecraft:light_blue_bed":1,"bewitchment:salt":2,"minecraft:bow":16,"spellbladenext:arcane_claymore":7,"simplyswords:gold_glaive":28,"minecraft:stone_pickaxe":11,"minecraft:birch_boat":2,"minecraft:wooden_pickaxe":19,"regions_unexplored:redwood_planks":72,"minecraft:crafting_table":10,"minecraft:brown_banner":1,"simplyswords:iron_greataxe":45,"regions_unexplored:redwood_door":4,"regions_unexplored:redwood_log":2,"minecraft:apple":1,"minecraft:bread":15,"minecraft:suspicious_stew":1,"minecraft:iron_pickaxe":103,"minecraft:leather_helmet":1,"minecraft:stone_axe":9,"minecraft:cobblestone":5,"twigs:opaline_seashell":1,"minecraft:coarse_dirt":9,"beachparty:rubber_ring_pelican":1},"minecraft:custom":{"lootr:looted_stat":74,"minecraft:mob_kills":10,"minecraft:interact_with_crafting_table":12,"minecraft:open_barrel":1,"minecraft:bell_ring":3,"minecraft:damage_dealt_resisted":0,"minecraft:leave_game":4,"minecraft:time_since_death":27565,"minecraft:climb_one_cm":11340,"minecraft:sprint_one_cm":88927,"minecraft:walk_one_cm":152235,"minecraft:damage_blocked_by_shield":232,"minecraft:drop":105,"minecraft:talked_to_villager":9,"minecraft:play_time":97214,"minecraft:deaths":5,"minecraft:sneak_time":10064,"minecraft:walk_under_water_one_cm":37223,"minecraft:boat_one_cm":190891,"minecraft:jump":815,"minecraft:walk_on_water_one_cm":47576,"minecraft:total_world_time":97214,"minecraft:sleep_in_bed":1,"minecraft:hex":0,"minecraft:time_since_rest":20661,"minecraft:damage_taken":2536,"minecraft:damage_dealt":2338,"minecraft:swim_one_cm":99315,"minecraft:fly_one_cm":116547,"minecraft:open_chest":2,"minecraft:crouch_one_cm":31376,"minecraft:threat":1,"minecraft:fall_one_cm":21306},"minecraft:broken":{"simplyswords:gold_glaive":1,"minecraft:stone_axe":1},"minecraft:crafted":{"minecraft:oak_planks":4,"convenientdecor:unbundled_hay_block":22,"minecraft:stone_pickaxe":1,"minecraft:wheat":126,"minecraft:crafting_table":7,"minecraft:wooden_pickaxe":2,"minecraft:bread":16,"regions_unexplored:redwood_planks":120,"minecraft:stick":20,"minecraft:iron_ingot":3,"minecraft:iron_pickaxe":1,"regions_unexplored:redwood_door":3,"minecraft:wooden_axe":1,"minecraft:iron_block":4,"minecraft:torch":8}},"DataVersion":3465}