{"stats":{"minecraft:killed":{"minecraft:vindicator":3,"promenade:sunken_skeleton":2,"minecraft:husk":2,"mythicmobs:drake":1,"minecraft:zombie":1,"minecraft:cow":1},"minecraft:killed_by":{"minecraft:player":1,"minecraft:vindicator":1,"mythicmobs:chupacabra":1},"minecraft:mined":{"minecraft:dark_oak_planks":3,"minecraft:jungle_leaves":13,"minecraft:dark_oak_log":1,"minecraft:grass_block":2,"modern_industrialization:lignite_coal_ore":1,"minecraft:hay_block":17,"minecraft:iron_ore":1,"regions_unexplored:redwood_planks":2,"treechop:chopped_log":1,"minecraft:dark_oak_stairs":1,"bewitchment:salt_ore":19,"minecraft:stripped_oak_log":1,"regions_unexplored:medium_grass":2,"regions_unexplored:chalk":4,"minecraft:stone":14,"twigs:opaline_seashell":2,"minecraft:spruce_slab":1,"minecraft:oak_slab":2,"twigs:pebble":1,"minecraft:glass_pane":6,"minecraft:dandelion":1,"minecraft:crafting_table":3,"minecraft:copper_ore":1,"minecraft:cobblestone":5,"minecraft:cyan_bed":1,"minecraft:oak_planks":1,"minecraft:blue_bed":1,"techreborn:tin_ore":13,"minecraft:coarse_dirt":13,"minecraft:light_blue_bed":1,"minecraft:cobblestone_wall":1,"modern_industrialization:antimony_ore":2,"minecraft:grass":1,"minecraft:coal_ore":45,"minecraft:sand":2,"minecraft:gravel":9,"minecraft:cracked_stone_bricks":1,"minecraft:stone_bricks":1,"minecraft:oak_leaves":2,"minecraft:fern":1,"soulsweapons:verglas_ore":1,"minecraft:suspicious_gravel":1},"minecraft:picked_up":{"minecraft:wooden_axe":1,"techreborn:raw_tin":13,"minecraft:coarse_dirt":10,"minecraft:crafting_table":3,"modern_industrialization:lignite_coal":2,"minecraft:brown_mushroom":1,"minecraft:string":3,"minecraft:raw_copper":4,"twigs:opaline_seashell":2,"minecraft:beetroot":7,"minecraft:cracked_stone_bricks":1,"twigs:pebble":2,"minecraft:beef":1,"minecraft:iron_nugget":4,"minecraft:spruce_slab":1,"regions_unexplored:redwood_planks":2,"regions_unexplored:redwood_log":147,"minecraft:stick":3,"minecraft:raw_iron":1,"minecraft:light_blue_bed":1,"minecraft:dark_oak_planks":3,"minecraft:arrow":6,"minecraft:hay_block":14,"minecraft:cobblestone":18,"minecraft:stripped_oak_log":1,"modern_industrialization:raw_antimony":2,"minecraft:leather":2,"minecraft:red_mushroom":2,"minecraft:cobblestone_wall":1,"minecraft:horn_coral":3,"minecraft:dirt":2,"minecraft:lantern":1,"minecraft:bow":1,"minecraft:wheat_seeds":2,"regions_unexplored:redwood_sapling":25,"minecraft:bamboo":2,"twigs:twig":12,"minecraft:oak_planks":1,"minecraft:dark_oak_stairs":1,"minecraft:oak_slab":2,"vinery:jungle_grapes_white":3,"minecraft:dandelion":1,"minecraft:gravel":8,"minecraft:sand":2,"bewitchment:belladonna_seeds":1,"bewitchment:salt":43,"minecraft:cyan_bed":1,"minecraft:dark_oak_log":1,"simplyswords:gold_glaive":1,"minecraft:crossbow":1,"soulsweapons:verglas":1,"minecraft:emerald":1,"minecraft:brown_banner":1,"minecraft:coal":45},"minecraft:dropped":{"minecraft:stone_hoe":1,"minecraft:dark_oak_stairs":1,"minecraft:brown_mushroom":2,"minecraft:wheat_seeds":1,"minecraft:crossbow":2,"simplyswords:gold_glaive":1,"minecraft:red_mushroom":4,"twigs:pebble":2,"minecraft:wooden_axe":2,"minecraft:horn_coral":3,"minecraft:sand":2,"minecraft:dark_oak_planks":3,"minecraft:string":3,"ftbquests:book":1,"twigs:opaline_seashell":1,"bewitchment:belladonna_seeds":1,"minecraft:dandelion":1,"minecraft:gravel":8,"bewitchment:salt":21,"minecraft:iron_nugget":8,"minecraft:coarse_dirt":1,"minecraft:stone_sword":1,"minecraft:raw_copper":4,"minecraft:beetroot":7,"patchouli:guide_book":1,"minecraft:bamboo":2,"modern_industrialization:lignite_coal":1,"minecraft:arrow":12,"minecraft:bow":3,"minecraft:stone_pickaxe":1,"minecraft:wooden_pickaxe":2,"minecraft:cyan_bed":1},"minecraft:used":{"minecraft:stone_sword":23,"minecraft:shield":7,"minecraft:torch":3,"minecraft:dirt":1,"minecraft:wooden_axe":22,"minecraft:light_blue_bed":1,"bewitchment:salt":2,"minecraft:bow":16,"simplyswords:gold_glaive":28,"minecraft:stone_pickaxe":11,"minecraft:wooden_pickaxe":19,"regions_unexplored:redwood_planks":51,"minecraft:crafting_table":7,"simplyswords:iron_greataxe":36,"minecraft:brown_banner":1,"minecraft:bread":15,"minecraft:iron_pickaxe":90,"minecraft:stone_axe":9,"minecraft:cobblestone":5,"twigs:opaline_seashell":1,"minecraft:coarse_dirt":9},"minecraft:custom":{"lootr:looted_stat":20,"minecraft:mob_kills":10,"minecraft:interact_with_crafting_table":9,"minecraft:open_barrel":1,"minecraft:bell_ring":3,"minecraft:damage_dealt_resisted":0,"minecraft:leave_game":3,"minecraft:time_since_death":7220,"minecraft:climb_one_cm":10269,"minecraft:sprint_one_cm":83520,"minecraft:walk_one_cm":111336,"minecraft:damage_blocked_by_shield":232,"minecraft:drop":50,"minecraft:talked_to_villager":6,"minecraft:play_time":61215,"minecraft:deaths":3,"minecraft:sneak_time":8817,"minecraft:walk_under_water_one_cm":4164,"minecraft:boat_one_cm":34834,"minecraft:jump":723,"minecraft:walk_on_water_one_cm":11965,"minecraft:total_world_time":61215,"minecraft:hex":0,"minecraft:time_since_rest":7320,"minecraft:damage_taken":1809,"minecraft:damage_dealt":1809,"minecraft:swim_one_cm":42822,"minecraft:fly_one_cm":108218,"minecraft:open_chest":2,"minecraft:crouch_one_cm":29603,"minecraft:fall_one_cm":19658},"minecraft:broken":{"simplyswords:gold_glaive":1,"minecraft:stone_axe":1},"minecraft:crafted":{"minecraft:oak_planks":4,"minecraft:stone_pickaxe":1,"minecraft:wheat":36,"minecraft:crafting_table":4,"minecraft:wooden_pickaxe":2,"minecraft:bread":16,"regions_unexplored:redwood_planks":76,"minecraft:stick":12,"minecraft:iron_pickaxe":1,"minecraft:wooden_axe":1,"minecraft:torch":8}},"DataVersion":3465}