{"stats":{"minecraft:killed":{"minecraft:husk":2,"minecraft:vindicator":3,"promenade:sunken_skeleton":2,"mythicmobs:drake":1,"minecraft:zombie":1},"minecraft:killed_by":{"minecraft:vindicator":1},"minecraft:picked_up":{"minecraft:crafting_table":2,"minecraft:coarse_dirt":10,"minecraft:horn_coral":1,"minecraft:cobblestone_wall":1,"minecraft:dirt":1,"twigs:opaline_seashell":2,"minecraft:cracked_stone_bricks":1,"minecraft:wheat_seeds":2,"regions_unexplored:redwood_sapling":25,"minecraft:spruce_slab":1,"regions_unexplored:redwood_planks":1,"twigs:twig":12,"minecraft:oak_planks":1,"minecraft:dark_oak_stairs":1,"regions_unexplored:redwood_log":147,"minecraft:oak_slab":2,"minecraft:stick":3,"minecraft:gravel":8,"bewitchment:belladonna_seeds":1,"minecraft:sand":2,"minecraft:cyan_bed":1,"minecraft:light_blue_bed":1,"minecraft:dark_oak_log":1,"minecraft:dark_oak_planks":3,"simplyswords:gold_glaive":1,"minecraft:hay_block":4,"minecraft:emerald":1,"minecraft:cobblestone":5},"minecraft:mined":{"minecraft:dark_oak_planks":3,"minecraft:oak_slab":2,"minecraft:glass_pane":6,"minecraft:jungle_leaves":13,"minecraft:dark_oak_log":1,"minecraft:crafting_table":2,"minecraft:grass_block":1,"minecraft:cobblestone":5,"minecraft:cyan_bed":1,"minecraft:oak_planks":1,"minecraft:blue_bed":1,"minecraft:hay_block":4,"minecraft:coarse_dirt":13,"minecraft:light_blue_bed":1,"minecraft:cobblestone_wall":1,"regions_unexplored:redwood_planks":1,"treechop:chopped_log":1,"minecraft:dark_oak_stairs":1,"minecraft:grass":1,"minecraft:gravel":9,"minecraft:sand":2,"regions_unexplored:medium_grass":2,"minecraft:cracked_stone_bricks":1,"regions_unexplored:chalk":4,"minecraft:stone_bricks":1,"twigs:opaline_seashell":2,"minecraft:spruce_slab":1,"minecraft:suspicious_gravel":1},"minecraft:dropped":{"minecraft:gravel":8,"minecraft:dark_oak_stairs":1,"minecraft:wheat_seeds":1,"minecraft:coarse_dirt":1,"minecraft:stone_sword":1,"simplyswords:gold_glaive":1,"patchouli:guide_book":1,"minecraft:sand":2,"minecraft:wooden_pickaxe":1,"minecraft:dark_oak_planks":3,"ftbquests:book":1,"twigs:opaline_seashell":1,"minecraft:cyan_bed":1,"bewitchment:belladonna_seeds":1},"minecraft:used":{"minecraft:stone_sword":23,"simplyswords:gold_glaive":28,"minecraft:wooden_pickaxe":16,"minecraft:shield":6,"regions_unexplored:redwood_planks":45,"minecraft:crafting_table":3,"simplyswords:iron_greataxe":30,"minecraft:wooden_axe":16,"minecraft:bread":15,"minecraft:light_blue_bed":1,"minecraft:stone_axe":9,"minecraft:bow":16,"minecraft:cobblestone":5,"twigs:opaline_seashell":1,"minecraft:coarse_dirt":9},"minecraft:custom":{"lootr:looted_stat":10,"minecraft:mob_kills":9,"minecraft:interact_with_crafting_table":3,"minecraft:open_barrel":1,"minecraft:bell_ring":3,"minecraft:damage_dealt_resisted":0,"minecraft:leave_game":2,"minecraft:time_since_death":25771,"minecraft:climb_one_cm":2838,"minecraft:hex":0,"minecraft:time_since_rest":25841,"minecraft:sprint_one_cm":35281,"minecraft:damage_taken":1126,"minecraft:walk_one_cm":70891,"minecraft:damage_blocked_by_shield":215,"minecraft:drop":15,"minecraft:damage_dealt":1674,"minecraft:swim_one_cm":15335,"minecraft:fly_one_cm":37009,"minecraft:open_chest":1,"minecraft:crouch_one_cm":20536,"minecraft:play_time":35641,"minecraft:deaths":1,"minecraft:sneak_time":6366,"minecraft:walk_under_water_one_cm":2729,"minecraft:jump":354,"minecraft:walk_on_water_one_cm":10670,"minecraft:total_world_time":35641,"minecraft:fall_one_cm":7085},"minecraft:broken":{"simplyswords:gold_glaive":1,"minecraft:stone_axe":1},"minecraft:crafted":{"minecraft:crafting_table":1,"minecraft:wooden_pickaxe":1,"minecraft:bread":16,"regions_unexplored:redwood_planks":76,"minecraft:stick":4,"minecraft:wooden_axe":1,"minecraft:wheat":36}},"DataVersion":3465}