{"stats":{"minecraft:killed":{"promenade:sunken_skeleton":1,"mythicmobs:drake":1},"minecraft:killed_by":{"minecraft:vindicator":1},"minecraft:picked_up":{"minecraft:oak_slab":2,"minecraft:stick":3,"minecraft:crafting_table":1,"minecraft:gravel":3,"bewitchment:belladonna_seeds":1,"minecraft:sand":2,"minecraft:horn_coral":1,"twigs:opaline_seashell":2,"minecraft:wheat_seeds":1,"minecraft:hay_block":4,"regions_unexplored:redwood_sapling":25,"minecraft:spruce_slab":1,"twigs:twig":12,"regions_unexplored:redwood_log":147},"minecraft:mined":{"minecraft:hay_block":4,"minecraft:oak_slab":2,"treechop:chopped_log":1,"minecraft:crafting_table":1,"minecraft:grass":1,"minecraft:gravel":3,"minecraft:sand":2,"twigs:opaline_seashell":2,"minecraft:spruce_slab":1},"minecraft:dropped":{"minecraft:wheat_seeds":1,"minecraft:sand":2,"ftbquests:book":1,"twigs:opaline_seashell":1,"bewitchment:belladonna_seeds":1,"patchouli:guide_book":1},"minecraft:used":{"minecraft:wooden_axe":11,"minecraft:stone_sword":23,"minecraft:bread":9,"minecraft:shield":6,"minecraft:crafting_table":2,"twigs:opaline_seashell":1},"minecraft:custom":{"minecraft:time_since_rest":2892,"minecraft:sprint_one_cm":18818,"lootr:looted_stat":1,"minecraft:damage_taken":843,"minecraft:walk_one_cm":30992,"minecraft:damage_blocked_by_shield":215,"minecraft:mob_kills":2,"minecraft:drop":7,"minecraft:damage_dealt":653,"minecraft:swim_one_cm":15335,"minecraft:interact_with_crafting_table":2,"minecraft:fly_one_cm":18066,"minecraft:open_barrel":1,"minecraft:crouch_one_cm":3097,"minecraft:play_time":12692,"minecraft:deaths":1,"minecraft:sneak_time":960,"minecraft:walk_under_water_one_cm":2729,"minecraft:jump":166,"minecraft:walk_on_water_one_cm":10523,"minecraft:time_since_death":2822,"minecraft:total_world_time":12692,"minecraft:hex":0,"minecraft:fall_one_cm":3533},"minecraft:crafted":{"regions_unexplored:redwood_planks":76,"minecraft:crafting_table":1,"minecraft:stick":4,"minecraft:wooden_axe":1}},"DataVersion":3465}