{"stats":{"minecraft:killed":{"minecraft:husk":2,"minecraft:vindicator":3,"promenade:sunken_skeleton":2,"mythicmobs:drake":1,"minecraft:zombie":1},"minecraft:killed_by":{"minecraft:vindicator":1,"minecraft:player":1},"minecraft:mined":{"minecraft:dark_oak_planks":3,"minecraft:oak_slab":2,"twigs:pebble":1,"minecraft:glass_pane":6,"minecraft:jungle_leaves":13,"minecraft:dark_oak_log":1,"minecraft:dandelion":1,"minecraft:crafting_table":3,"minecraft:grass_block":1,"modern_industrialization:lignite_coal_ore":1,"minecraft:copper_ore":1,"minecraft:cobblestone":5,"minecraft:cyan_bed":1,"minecraft:oak_planks":1,"minecraft:blue_bed":1,"minecraft:hay_block":12,"minecraft:coarse_dirt":13,"minecraft:light_blue_bed":1,"minecraft:cobblestone_wall":1,"minecraft:iron_ore":1,"regions_unexplored:redwood_planks":2,"treechop:chopped_log":1,"minecraft:dark_oak_stairs":1,"minecraft:grass":1,"minecraft:coal_ore":2,"bewitchment:salt_ore":5,"minecraft:gravel":9,"minecraft:sand":2,"minecraft:stripped_oak_log":1,"regions_unexplored:medium_grass":2,"minecraft:cracked_stone_bricks":1,"minecraft:stone":4,"regions_unexplored:chalk":4,"minecraft:stone_bricks":1,"minecraft:oak_leaves":1,"twigs:opaline_seashell":2,"minecraft:spruce_slab":1,"minecraft:suspicious_gravel":1},"minecraft:picked_up":{"minecraft:wooden_axe":1,"modern_industrialization:lignite_coal":2,"minecraft:crafting_table":3,"minecraft:coarse_dirt":10,"minecraft:brown_mushroom":1,"minecraft:red_mushroom":2,"minecraft:horn_coral":3,"minecraft:cobblestone_wall":1,"minecraft:string":3,"minecraft:dirt":1,"minecraft:raw_copper":4,"twigs:opaline_seashell":2,"minecraft:beetroot":7,"minecraft:bow":1,"minecraft:cracked_stone_bricks":1,"minecraft:wheat_seeds":2,"twigs:pebble":2,"regions_unexplored:redwood_sapling":25,"minecraft:iron_nugget":4,"minecraft:bamboo":2,"minecraft:spruce_slab":1,"regions_unexplored:redwood_planks":2,"twigs:twig":12,"minecraft:oak_planks":1,"minecraft:dark_oak_stairs":1,"regions_unexplored:redwood_log":147,"minecraft:oak_slab":2,"minecraft:stick":3,"minecraft:raw_iron":1,"vinery:jungle_grapes_white":3,"minecraft:dandelion":1,"minecraft:gravel":8,"bewitchment:belladonna_seeds":1,"minecraft:sand":2,"bewitchment:salt":23,"minecraft:cyan_bed":1,"minecraft:light_blue_bed":1,"minecraft:dark_oak_log":1,"minecraft:dark_oak_planks":3,"simplyswords:gold_glaive":1,"minecraft:arrow":6,"minecraft:hay_block":10,"minecraft:crossbow":1,"minecraft:emerald":1,"minecraft:brown_banner":1,"minecraft:coal":2,"minecraft:stripped_oak_log":1,"minecraft:cobblestone":8},"minecraft:dropped":{"minecraft:stone_hoe":1,"minecraft:gravel":8,"minecraft:brown_mushroom":2,"minecraft:dark_oak_stairs":1,"minecraft:wheat_seeds":1,"minecraft:iron_nugget":8,"bewitchment:salt":21,"minecraft:coarse_dirt":1,"minecraft:stone_sword":1,"minecraft:raw_copper":4,"minecraft:crossbow":2,"minecraft:beetroot":7,"simplyswords:gold_glaive":1,"patchouli:guide_book":1,"minecraft:red_mushroom":4,"twigs:pebble":2,"minecraft:wooden_axe":2,"minecraft:horn_coral":3,"modern_industrialization:lignite_coal":1,"minecraft:bamboo":2,"minecraft:sand":2,"minecraft:arrow":12,"minecraft:bow":3,"minecraft:stone_pickaxe":1,"minecraft:wooden_pickaxe":2,"minecraft:string":3,"minecraft:dark_oak_planks":3,"ftbquests:book":1,"twigs:opaline_seashell":1,"minecraft:cyan_bed":1,"bewitchment:belladonna_seeds":1,"minecraft:dandelion":1},"minecraft:used":{"minecraft:stone_sword":23,"simplyswords:gold_glaive":28,"minecraft:stone_pickaxe":11,"minecraft:wooden_pickaxe":19,"minecraft:shield":7,"regions_unexplored:redwood_planks":48,"minecraft:crafting_table":7,"minecraft:brown_banner":1,"simplyswords:iron_greataxe":32,"minecraft:wooden_axe":22,"minecraft:bread":15,"minecraft:iron_pickaxe":3,"minecraft:light_blue_bed":1,"bewitchment:salt":2,"minecraft:stone_axe":9,"minecraft:bow":16,"minecraft:cobblestone":5,"twigs:opaline_seashell":1,"minecraft:coarse_dirt":9},"minecraft:custom":{"lootr:looted_stat":12,"minecraft:mob_kills":9,"minecraft:interact_with_crafting_table":9,"minecraft:open_barrel":1,"minecraft:bell_ring":3,"minecraft:damage_dealt_resisted":0,"minecraft:leave_game":3,"minecraft:time_since_death":9265,"minecraft:climb_one_cm":3259,"minecraft:hex":0,"minecraft:time_since_rest":9311,"minecraft:sprint_one_cm":51227,"minecraft:damage_taken":1526,"minecraft:walk_one_cm":96304,"minecraft:damage_blocked_by_shield":232,"minecraft:drop":50,"minecraft:damage_dealt":1708,"minecraft:swim_one_cm":15335,"minecraft:talked_to_villager":4,"minecraft:fly_one_cm":69366,"minecraft:open_chest":2,"minecraft:crouch_one_cm":26257,"minecraft:play_time":49215,"minecraft:deaths":2,"minecraft:sneak_time":7541,"minecraft:walk_under_water_one_cm":2729,"minecraft:jump":536,"minecraft:walk_on_water_one_cm":10670,"minecraft:total_world_time":49215,"minecraft:fall_one_cm":12037},"minecraft:broken":{"simplyswords:gold_glaive":1,"minecraft:stone_axe":1},"minecraft:crafted":{"minecraft:oak_planks":4,"minecraft:crafting_table":4,"minecraft:wooden_pickaxe":2,"minecraft:bread":16,"regions_unexplored:redwood_planks":76,"minecraft:iron_pickaxe":1,"minecraft:stick":12,"minecraft:stone_pickaxe":1,"minecraft:wooden_axe":1,"minecraft:wheat":36}},"DataVersion":3465}