{"stats":{"minecraft:killed":{"minecraft:pillager":4,"minecraft:zombie":2,"graveyard:skeleton_creeper":1,"minecraft:skeleton":1},"minecraft:killed_by":{"minecraft:vindicator":1},"minecraft:mined":{"minecraft:dark_oak_planks":2,"minecraft:grass_block":3,"minecraft:dirt":16,"minecraft:fern":1},"minecraft:picked_up":{"minecraft:dark_oak_planks":2,"minecraft:bone":1,"minecraft:arrow":7,"twigs:opaline_seashell":1,"minecraft:rotten_flesh":2,"patchouli:guide_book":1,"minecraft:wheat_seeds":2,"ftbquests:book":1,"minecraft:sand":2,"bewitchment:belladonna_seeds":1,"fishofthieves:earthworms":1,"minecraft:emerald":2,"minecraft:dirt":19},"minecraft:used":{"simplyswords:thunderbrand":34,"minecraft:dirt":1},"minecraft:custom":{"minecraft:time_since_rest":2911,"minecraft:deaths":1,"minecraft:crouch_one_cm":119,"minecraft:play_time":12173,"lootr:looted_stat":2,"minecraft:sprint_one_cm":14983,"minecraft:walk_one_cm":39032,"minecraft:damage_taken":348,"minecraft:sneak_time":39,"minecraft:mob_kills":8,"minecraft:jump":191,"minecraft:damage_dealt":1758,"minecraft:time_since_death":2823,"minecraft:walk_on_water_one_cm":1101,"minecraft:threat":1,"minecraft:total_world_time":12173,"minecraft:climb_one_cm":1542,"minecraft:hex":0,"minecraft:fly_one_cm":19874,"minecraft:fall_one_cm":6131}},"DataVersion":3465}