{"stats":{"minecraft:killed":{"graveyard:skeleton_creeper":1,"creeperoverhaul:bamboo_creeper":2,"minecraft:skeleton":4,"minecraft:pillager":4,"minecraft:zombie":3,"creeperoverhaul:jungle_creeper":1,"minecraft:player":1,"minecraft:cow":1},"minecraft:killed_by":{"minecraft:vindicator":1,"minecraft:husk":2,"minecraft:zombie":1},"minecraft:picked_up":{"minecraft:birch_log":11,"minecraft:wheat":82,"expandeddelight:raw_cinnamon":2,"twigs:roseate_seashell":1,"create:raw_zinc":2,"minecraft:gunpowder":2,"minecraft:dirt":23,"minecraft:lantern":1,"minecraft:bone":3,"twigs:opaline_seashell":2,"minecraft:sea_pickle":2,"minecraft:wheat_seeds":274,"ftbquests:book":1,"bewitchment:mandrake_seeds":1,"fishofthieves:earthworms":1,"minecraft:bamboo":4,"minecraft:sugar_cane":5,"minecraft:raw_iron":2,"patchouli:guide_book":1,"techreborn:ruby_gem":7,"minecraft:sand":4,"bewitchment:belladonna_seeds":1,"minecraft:cyan_bed":2,"techreborn:red_garnet_gem":2,"minecraft:dark_oak_planks":2,"minecraft:arrow":8,"minecraft:rotten_flesh":4,"minecraft:hay_block":7,"minecraft:spruce_sign":1,"minecraft:emerald":2,"minecraft:cobblestone":1},"minecraft:mined":{"create:zinc_ore":3,"minecraft:dark_oak_planks":2,"minecraft:jungle_leaves":1,"minecraft:dark_oak_fence":2,"minecraft:grass_block":6,"twigs:roseate_seashell":1,"minecraft:cyan_bed":1,"minecraft:sugar_cane":3,"minecraft:hay_block":7,"techreborn:ruby_ore":4,"minecraft:iron_ore":2,"minecraft:wheat":97,"regions_unexplored:redwood_leaves":1,"treechop:chopped_log":2,"regions_unexplored:sandy_grass":2,"minecraft:grass":8,"minecraft:sand":3,"minecraft:dirt":19,"minecraft:bamboo":1,"minecraft:oak_leaves":8,"twigs:opaline_seashell":1,"minecraft:fern":3},"minecraft:dropped":{"minecraft:wheat_seeds":128,"minecraft:stone_sword":1,"minecraft:wheat":2,"minecraft:lantern":8,"patchouli:guide_book":1,"expandeddelight:raw_cinnamon":2,"minecraft:gunpowder":2,"minecraft:bamboo":2,"minecraft:sand":1,"minecraft:arrow":8,"minecraft:string":6,"twigs:opaline_seashell":2},"minecraft:used":{"simplyswords:thunderbrand":83,"spellbladenext:monkeystaff":3,"minecraft:dirt":2,"minecraft:sand":1,"minecraft:crafting_table":1,"minecraft:bread":10,"minecraft:cyan_bed":1,"minecraft:iron_pickaxe":10,"minecraft:bamboo":2,"minecraft:golden_axe":15},"minecraft:custom":{"lootr:looted_stat":10,"minecraft:mob_kills":16,"minecraft:interact_with_crafting_table":5,"minecraft:open_barrel":1,"minecraft:damage_dealt_resisted":0,"minecraft:leave_game":4,"minecraft:time_since_death":26079,"minecraft:sleep_in_bed":1,"minecraft:climb_one_cm":6592,"minecraft:hex":0,"minecraft:time_since_rest":14269,"minecraft:sprint_one_cm":120101,"minecraft:damage_taken":1729,"minecraft:walk_one_cm":146690,"minecraft:drop":16,"minecraft:damage_dealt":3568,"minecraft:swim_one_cm":1440,"minecraft:talked_to_villager":3,"minecraft:fly_one_cm":184911,"minecraft:player_kills":1,"minecraft:open_chest":2,"minecraft:crouch_one_cm":792,"minecraft:play_time":59488,"minecraft:deaths":4,"minecraft:sneak_time":217,"minecraft:walk_under_water_one_cm":2509,"minecraft:jump":952,"minecraft:walk_on_water_one_cm":8251,"minecraft:threat":2,"minecraft:total_world_time":59488,"minecraft:fall_one_cm":32199},"minecraft:crafted":{"minecraft:crafting_table":1,"minecraft:birch_planks":44,"minecraft:bread":47,"convenientdecor:unbundled_hay_block":9,"minecraft:stick":8,"minecraft:iron_pickaxe":1,"croptopia:flour":1,"minecraft:wheat":144}},"DataVersion":3465}