{"stats":{"minecraft:mined":{"minecraft:sweet_berry_bush":2,"treechop:chopped_log":1},"minecraft:custom":{"minecraft:jump":14,"minecraft:time_since_rest":5582,"minecraft:damage_dealt":140,"minecraft:sprint_one_cm":3092,"minecraft:play_time":5582,"minecraft:damage_taken":50,"minecraft:time_since_death":5582,"minecraft:walk_one_cm":11640,"minecraft:total_world_time":5582,"minecraft:hex":0,"minecraft:mob_kills":2,"minecraft:fall_one_cm":1643,"minecraft:fly_one_cm":3318},"minecraft:picked_up":{"minecraft:porkchop":3,"minecraft:spruce_sapling":1,"minecraft:spruce_log":8,"minecraft:chicken":1,"minecraft:sweet_berries":11},"minecraft:killed":{"minecraft:pig":1,"minecraft:chicken":1},"minecraft:used":{"minecraft:stone_sword":7,"minecraft:sweet_berries":2}},"DataVersion":3465}