{"stats":{"minecraft:killed_by":{"minecraft:vindicator":1},"minecraft:killed":{"minecraft:skeleton":2,"minecraft:pillager":4,"minecraft:zombie":3,"graveyard:skeleton_creeper":1,"creeperoverhaul:jungle_creeper":1,"creeperoverhaul:bamboo_creeper":1},"minecraft:picked_up":{"minecraft:wheat":81,"patchouli:guide_book":1,"bewitchment:belladonna_seeds":1,"minecraft:sand":2,"minecraft:gunpowder":2,"minecraft:dirt":20,"minecraft:lantern":1,"minecraft:dark_oak_planks":2,"minecraft:arrow":7,"minecraft:bone":1,"twigs:opaline_seashell":2,"minecraft:rotten_flesh":4,"minecraft:sea_pickle":2,"minecraft:wheat_seeds":274,"bewitchment:mandrake_seeds":1,"ftbquests:book":1,"minecraft:hay_block":7,"fishofthieves:earthworms":1,"minecraft:spruce_sign":1,"minecraft:emerald":2,"minecraft:bamboo":4},"minecraft:mined":{"minecraft:dark_oak_planks":2,"minecraft:hay_block":7,"minecraft:wheat":97,"minecraft:grass":3,"minecraft:grass_block":3,"minecraft:dirt":17,"minecraft:bamboo":1,"twigs:opaline_seashell":1,"minecraft:oak_leaves":4,"minecraft:fern":2},"minecraft:dropped":{"minecraft:wheat_seeds":32,"minecraft:gunpowder":1},"minecraft:used":{"simplyswords:thunderbrand":62,"minecraft:bread":2,"minecraft:bamboo":2,"minecraft:dirt":2},"minecraft:custom":{"minecraft:time_since_rest":14911,"lootr:looted_stat":8,"minecraft:sprint_one_cm":36390,"minecraft:damage_taken":563,"minecraft:walk_one_cm":66722,"minecraft:mob_kills":12,"minecraft:drop":2,"minecraft:damage_dealt":2598,"minecraft:swim_one_cm":406,"minecraft:fly_one_cm":43692,"minecraft:open_barrel":1,"minecraft:open_chest":1,"minecraft:crouch_one_cm":119,"minecraft:play_time":24173,"minecraft:deaths":1,"minecraft:sneak_time":48,"minecraft:walk_under_water_one_cm":547,"minecraft:damage_dealt_resisted":0,"minecraft:jump":317,"minecraft:walk_on_water_one_cm":3904,"minecraft:time_since_death":14823,"minecraft:threat":1,"minecraft:climb_one_cm":4006,"minecraft:total_world_time":24173,"minecraft:hex":0,"minecraft:fall_one_cm":12128}},"DataVersion":3465}