{"stats":{"minecraft:killed_by":{"minecraft:husk":2,"minecraft:vindicator":1,"minecraft:zombie":1},"minecraft:killed":{"minecraft:skeleton":3,"minecraft:pillager":4,"minecraft:zombie":3,"graveyard:skeleton_creeper":1,"creeperoverhaul:jungle_creeper":1,"minecraft:cow":1,"creeperoverhaul:bamboo_creeper":1},"minecraft:mined":{"minecraft:dark_oak_planks":2,"minecraft:hay_block":7,"minecraft:wheat":97,"regions_unexplored:redwood_leaves":1,"treechop:chopped_log":2,"regions_unexplored:sandy_grass":2,"minecraft:grass":8,"minecraft:grass_block":6,"minecraft:sand":3,"minecraft:dirt":19,"minecraft:cyan_bed":1,"minecraft:bamboo":1,"minecraft:sugar_cane":3,"twigs:opaline_seashell":1,"minecraft:oak_leaves":8,"minecraft:fern":3},"minecraft:picked_up":{"minecraft:birch_log":11,"minecraft:wheat":82,"patchouli:guide_book":1,"bewitchment:belladonna_seeds":1,"minecraft:sand":4,"minecraft:gunpowder":2,"minecraft:cyan_bed":2,"minecraft:dirt":23,"minecraft:lantern":1,"minecraft:dark_oak_planks":2,"minecraft:bone":3,"minecraft:arrow":8,"twigs:opaline_seashell":2,"minecraft:rotten_flesh":4,"minecraft:sea_pickle":2,"minecraft:wheat_seeds":274,"ftbquests:book":1,"minecraft:hay_block":7,"bewitchment:mandrake_seeds":1,"fishofthieves:earthworms":1,"minecraft:spruce_sign":1,"minecraft:emerald":2,"minecraft:bamboo":4,"minecraft:sugar_cane":5},"minecraft:dropped":{"minecraft:wheat_seeds":32,"minecraft:gunpowder":1,"twigs:opaline_seashell":2},"minecraft:used":{"simplyswords:thunderbrand":77,"minecraft:cyan_bed":1,"minecraft:bread":8,"spellbladenext:monkeystaff":3,"minecraft:bamboo":2,"minecraft:sand":1,"minecraft:dirt":2,"minecraft:golden_axe":13},"minecraft:custom":{"minecraft:time_since_rest":2269,"minecraft:damage_taken":1613,"lootr:looted_stat":9,"minecraft:sprint_one_cm":96381,"minecraft:walk_one_cm":111768,"minecraft:mob_kills":14,"minecraft:drop":3,"minecraft:damage_dealt":3186,"minecraft:swim_one_cm":1440,"minecraft:fly_one_cm":144580,"minecraft:open_barrel":1,"minecraft:open_chest":1,"minecraft:crouch_one_cm":792,"minecraft:play_time":47488,"minecraft:deaths":4,"minecraft:sneak_time":217,"minecraft:walk_under_water_one_cm":2509,"minecraft:jump":736,"minecraft:damage_dealt_resisted":0,"minecraft:leave_game":4,"minecraft:time_since_death":14079,"minecraft:walk_on_water_one_cm":8251,"minecraft:sleep_in_bed":1,"minecraft:threat":2,"minecraft:total_world_time":47488,"minecraft:climb_one_cm":5174,"minecraft:hex":0,"minecraft:fall_one_cm":25689},"minecraft:crafted":{"minecraft:crafting_table":1}},"DataVersion":3465}