{"stats":{"minecraft:killed_by":{"minecraft:husk":2,"minecraft:vindicator":1,"minecraft:zombie":1},"minecraft:killed":{"minecraft:skeleton":2,"minecraft:pillager":4,"minecraft:zombie":3,"graveyard:skeleton_creeper":1,"creeperoverhaul:jungle_creeper":1,"creeperoverhaul:bamboo_creeper":1},"minecraft:picked_up":{"minecraft:wheat":82,"patchouli:guide_book":1,"bewitchment:belladonna_seeds":1,"minecraft:sand":4,"minecraft:gunpowder":2,"minecraft:cyan_bed":1,"minecraft:dirt":22,"minecraft:lantern":1,"minecraft:dark_oak_planks":2,"minecraft:bone":1,"minecraft:arrow":7,"twigs:opaline_seashell":2,"minecraft:rotten_flesh":4,"minecraft:sea_pickle":2,"minecraft:wheat_seeds":274,"ftbquests:book":1,"minecraft:hay_block":7,"bewitchment:mandrake_seeds":1,"fishofthieves:earthworms":1,"minecraft:spruce_sign":1,"minecraft:emerald":2,"minecraft:bamboo":4},"minecraft:mined":{"minecraft:dark_oak_planks":2,"minecraft:hay_block":7,"minecraft:wheat":97,"regions_unexplored:redwood_leaves":1,"regions_unexplored:sandy_grass":2,"minecraft:grass":3,"minecraft:grass_block":5,"minecraft:sand":3,"minecraft:dirt":19,"minecraft:bamboo":1,"twigs:opaline_seashell":1,"minecraft:oak_leaves":8,"minecraft:fern":2},"minecraft:dropped":{"minecraft:wheat_seeds":32,"minecraft:gunpowder":1},"minecraft:used":{"simplyswords:thunderbrand":65,"minecraft:bread":3,"minecraft:bamboo":2,"minecraft:dirt":2},"minecraft:custom":{"minecraft:time_since_rest":3708,"minecraft:damage_taken":1401,"lootr:looted_stat":8,"minecraft:sprint_one_cm":44636,"minecraft:walk_one_cm":84185,"minecraft:mob_kills":12,"minecraft:drop":2,"minecraft:damage_dealt":2682,"minecraft:swim_one_cm":406,"minecraft:fly_one_cm":61010,"minecraft:open_barrel":1,"minecraft:open_chest":1,"minecraft:crouch_one_cm":178,"minecraft:play_time":35488,"minecraft:deaths":4,"minecraft:sneak_time":78,"minecraft:walk_under_water_one_cm":806,"minecraft:jump":431,"minecraft:damage_dealt_resisted":0,"minecraft:leave_game":4,"minecraft:time_since_death":2079,"minecraft:walk_on_water_one_cm":4654,"minecraft:threat":1,"minecraft:total_world_time":35488,"minecraft:climb_one_cm":4784,"minecraft:hex":0,"minecraft:fall_one_cm":15551}},"DataVersion":3465}