{"stats":{"minecraft:mined":{"minecraft:spruce_planks":2,"minecraft:mossy_cobblestone":11,"minecraft:sweet_berry_bush":2,"frostiful:cold_sun_lichen":1,"treechop:chopped_log":3,"minecraft:crafting_table":1,"minecraft:grass":4,"minecraft:grass_block":3,"minecraft:dirt":3,"minecraft:cobblestone":18,"frostiful:hot_sun_lichen":2,"minecraft:fern":1},"minecraft:custom":{"minecraft:time_since_rest":17582,"minecraft:sprint_one_cm":13358,"minecraft:damage_taken":140,"minecraft:walk_one_cm":29691,"minecraft:mob_kills":2,"minecraft:drop":7,"minecraft:damage_dealt":140,"minecraft:interact_with_crafting_table":6,"minecraft:fly_one_cm":17481,"minecraft:crouch_one_cm":2526,"minecraft:play_time":17582,"minecraft:sneak_time":1301,"minecraft:jump":87,"minecraft:time_since_death":17582,"minecraft:total_world_time":17582,"minecraft:hex":0,"minecraft:fall_one_cm":4125},"minecraft:dropped":{"minecraft:stone_axe":2,"minecraft:stone_sword":2,"minecraft:wooden_axe":2,"minecraft:wooden_pickaxe":1},"minecraft:picked_up":{"minecraft:wooden_axe":1,"minecraft:crafting_table":1,"minecraft:chicken":1,"minecraft:sweet_berries":11,"minecraft:porkchop":3,"minecraft:spruce_sapling":16,"minecraft:spruce_log":26,"minecraft:dirt":6,"minecraft:mossy_cobblestone":10,"bewitchment:garlic":1,"minecraft:wheat_seeds":2,"minecraft:spruce_planks":1,"frostiful:wolf_fur_tuft":1,"twigs:twig":7,"minecraft:cobblestone":17},"minecraft:crafted":{"minecraft:crafting_table":2,"minecraft:spruce_planks":104,"minecraft:stick":16,"minecraft:stone_pickaxe":1,"minecraft:wooden_pickaxe":1,"minecraft:wooden_axe":1,"minecraft:stone_sword":2,"minecraft:stone_axe":3},"minecraft:killed":{"minecraft:pig":1,"minecraft:chicken":1},"minecraft:used":{"minecraft:wooden_axe":20,"minecraft:stone_sword":13,"minecraft:stone_pickaxe":20,"minecraft:spruce_planks":52,"minecraft:wooden_pickaxe":15,"minecraft:sweet_berries":2,"minecraft:crafting_table":3}},"DataVersion":3465}