{"stats":{"minecraft:killed":{"graveyard:skeleton_creeper":1,"minecraft:spider":2,"promenade:sunken_skeleton":1,"creeperoverhaul:bamboo_creeper":2,"minecraft:skeleton":7,"minecraft:pillager":5,"tinyskeletons:baby_skeleton":1,"minecraft:zombie":5,"creeperoverhaul:jungle_creeper":1,"minecraft:player":1,"minecraft:cow":1},"minecraft:killed_by":{"minecraft:vindicator":1,"minecraft:husk":2,"minecraft:zombie":1},"minecraft:picked_up":{"minecraft:birch_log":11,"minecraft:wheat":82,"expandeddelight:raw_cinnamon":2,"twigs:roseate_seashell":1,"create:raw_zinc":2,"minecraft:gunpowder":2,"minecraft:dirt":39,"minecraft:lantern":1,"minecraft:bone":7,"twigs:opaline_seashell":2,"minecraft:sea_pickle":2,"minecraft:wheat_seeds":274,"ftbquests:book":1,"bewitchment:mandrake_seeds":1,"minecraft:bubble_coral":2,"fishofthieves:earthworms":2,"minecraft:bamboo":4,"minecraft:sugar_cane":5,"minecraft:raw_iron":2,"patchouli:guide_book":1,"techreborn:ruby_gem":7,"minecraft:sand":4,"bewitchment:belladonna_seeds":1,"minecraft:spider_eye":2,"minecraft:cyan_bed":3,"techreborn:red_garnet_gem":2,"minecraft:dark_oak_planks":2,"minecraft:arrow":11,"minecraft:rotten_flesh":4,"minecraft:hay_block":8,"minecraft:spruce_sign":1,"minecraft:emerald":3,"minecraft:cobblestone":1},"minecraft:mined":{"create:zinc_ore":3,"minecraft:dark_oak_planks":2,"minecraft:jungle_leaves":1,"minecraft:dark_oak_fence":2,"minecraft:grass_block":12,"twigs:roseate_seashell":1,"minecraft:cyan_bed":2,"minecraft:sugar_cane":3,"minecraft:hay_block":7,"minecraft:birch_log":2,"techreborn:ruby_ore":4,"minecraft:iron_ore":2,"minecraft:wheat":97,"minecraft:birch_leaves":1,"regions_unexplored:redwood_leaves":1,"treechop:chopped_log":2,"regions_unexplored:sandy_grass":2,"minecraft:grass":10,"minecraft:sand":3,"minecraft:dirt":29,"minecraft:bamboo":1,"minecraft:oak_leaves":15,"twigs:opaline_seashell":1,"minecraft:fern":3},"minecraft:dropped":{"minecraft:sugar_cane":5,"minecraft:wheat_seeds":128,"minecraft:stone_sword":1,"minecraft:wheat":2,"minecraft:feather":3,"minecraft:lantern":8,"patchouli:guide_book":1,"expandeddelight:raw_cinnamon":2,"minecraft:shield":1,"fishofthieves:earthworms":1,"minecraft:gunpowder":2,"minecraft:bamboo":2,"minecraft:sand":1,"minecraft:arrow":8,"minecraft:string":6,"twigs:opaline_seashell":2},"minecraft:used":{"simplyswords:thunderbrand":112,"spellbladenext:monkeystaff":3,"minecraft:birch_boat":1,"simplyswords:diamond_greataxe":3,"minecraft:dirt":2,"minecraft:sand":1,"minecraft:crafting_table":2,"minecraft:bread":23,"minecraft:cyan_bed":2,"minecraft:iron_pickaxe":17,"minecraft:bamboo":2,"minecraft:cobblestone":1,"minecraft:golden_axe":19},"minecraft:custom":{"lootr:looted_stat":17,"minecraft:mob_kills":26,"minecraft:interact_with_crafting_table":6,"minecraft:open_barrel":1,"minecraft:damage_dealt_resisted":0,"minecraft:leave_game":4,"minecraft:time_since_death":50079,"minecraft:sleep_in_bed":2,"minecraft:climb_one_cm":12404,"minecraft:hex":0,"minecraft:time_since_rest":19300,"minecraft:sprint_one_cm":187917,"minecraft:damage_taken":2210,"minecraft:walk_one_cm":196301,"minecraft:drop":20,"minecraft:damage_dealt":5329,"minecraft:swim_one_cm":2871,"minecraft:talked_to_villager":3,"minecraft:fly_one_cm":309548,"minecraft:player_kills":1,"minecraft:open_chest":2,"minecraft:crouch_one_cm":1155,"minecraft:play_time":83488,"minecraft:deaths":4,"minecraft:sneak_time":314,"minecraft:walk_under_water_one_cm":4972,"minecraft:boat_one_cm":86124,"minecraft:jump":1555,"minecraft:walk_on_water_one_cm":15205,"minecraft:threat":2,"minecraft:total_world_time":83488,"minecraft:fall_one_cm":51491},"minecraft:crafted":{"minecraft:crafting_table":2,"minecraft:birch_boat":1,"minecraft:birch_planks":44,"minecraft:bread":47,"convenientdecor:unbundled_hay_block":9,"minecraft:stick":8,"minecraft:iron_pickaxe":1,"croptopia:flour":1,"minecraft:wheat":144}},"DataVersion":3465}